{
  "name": "MobileNetV2",
  "accuracy": 0.7666666666666667,
  "f1_score": 0.7692307692307692,
  "precision": 0.773524720893142,
  "recall": 0.7666666666666667,
  "y_pred": [
    1,
    1,
    1,
    1,
    0,
    1,
    1,
    1,
    0,
    1,
    1,
    0,
    1,
    0,
    0,
    1,
    1,
    1,
    1,
    0,
    1,
    0,
    1,
    1,
    0,
    1,
    1,
    1,
    1,
    0,
    1,
    0,
    1,
    0,
    1,
    1,
    1,
    1,
    1,
    0,
    1,
    1,
    1,
    0,
    1,
    0,
    1,
    0,
    1,
    1,
    1,
    0,
    1,
    1,
    1,
    0,
    0,
    1,
    0,
    0,
    1,
    1,
    1,
    1,
    1,
    0,
    0,
    1,
    0,
    0,
    0,
    1,
    1,
    1,
    0,
    0,
    1,
    1,
    0,
    1,
    0,
    1,
    1,
    1,
    0,
    1,
    0,
    0,
    1,
    0
  ],
  "y_pred_prob": [
    0.8236956596374512,
    0.9375225305557251,
    0.5335304737091064,
    0.5210126638412476,
    0.4187123477458954,
    0.7712891697883606,
    0.6507798433303833,
    0.8150457143783569,
    0.1423296481370926,
    0.7328088283538818,
    0.7953316569328308,
    0.4919414222240448,
    0.8654312491416931,
    0.4078810214996338,
    0.2582201361656189,
    0.8930181264877319,
    0.7891814112663269,
    0.652181088924408,
    0.729291558265686,
    0.2352786809206009,
    0.7434519529342651,
    0.45571833848953247,
    0.8182876706123352,
    0.7743105888366699,
    0.4762745499610901,
    0.7613455653190613,
    0.9664708971977234,
    0.5002032518386841,
    0.9140956401824951,
    0.25602447986602783,
    0.6775161623954773,
    0.2686827778816223,
    0.9487118124961853,
    0.2122393697500229,
    0.8499884605407715,
    0.7708083391189575,
    0.596994936466217,
    0.7308436632156372,
    0.752870500087738,
    0.33471983671188354,
    0.6247776746749878,
    0.569936990737915,
    0.6676622629165649,
    0.4529426097869873,
    0.6315454244613647,
    0.3115813136100769,
    0.758700966835022,
    0.3175877034664154,
    0.9014598727226257,
    0.617377758026123,
    0.881261944770813,
    0.3123375475406647,
    0.6676995158195496,
    0.7678995728492737,
    0.7210321426391602,
    0.35532093048095703,
    0.14958135783672333,
    0.7645796537399292,
    0.18859733641147614,
    0.26066192984580994,
    0.628925621509552,
    0.7076207399368286,
    0.6436952948570251,
    0.797389030456543,
    0.9319511651992798,
    0.46149352192878723,
    0.48276931047439575,
    0.5261492133140564,
    0.2669774293899536,
    0.4157329201698303,
    0.293600857257843,
    0.8782240748405457,
    0.7283674478530884,
    0.655174732208252,
    0.3111487627029419,
    0.29524916410446167,
    0.5387571454048157,
    0.5664346218109131,
    0.35777828097343445,
    0.7555299997329712,
    0.4308406412601471,
    0.7487475872039795,
    0.6684305667877197,
    0.8956671953201294,
    0.4613548517227173,
    0.869909405708313,
    0.42452293634414673,
    0.40376973152160645,
    0.5110194087028503,
    0.18939143419265747
  ]
}