{
  "hypertrophic scars": {
    "raw_count": 207,
    "clean_count": 201,
    "blur_count": 6,
    "avg_size_kb": 13.781171875,
    "avg_sharpness": 593.8147699989214,
    "avg_brightness": 100.93572305484695
  },
  "keloid scars": {
    "raw_count": 400,
    "clean_count": 395,
    "blur_count": 5,
    "avg_size_kb": 16.7683203125,
    "avg_sharpness": 413.1585135003915,
    "avg_brightness": 94.09595543686224
  }
}