{
  "MobileNetV2": {
    "accuracy": 0.7666666666666667,
    "f1_score": 0.7692307692307692,
    "precision": 0.773524720893142,
    "recall": 0.7666666666666667,
    "y_pred": [
      1,
      1,
      1,
      1,
      0,
      1,
      1,
      1,
      0,
      1,
      1,
      0,
      1,
      0,
      0,
      1,
      1,
      1,
      1,
      0,
      1,
      0,
      1,
      1,
      0,
      1,
      1,
      1,
      1,
      0,
      1,
      0,
      1,
      0,
      1,
      1,
      1,
      1,
      1,
      0,
      1,
      1,
      1,
      0,
      1,
      0,
      1,
      0,
      1,
      1,
      1,
      0,
      1,
      1,
      1,
      0,
      0,
      1,
      0,
      0,
      1,
      1,
      1,
      1,
      1,
      0,
      0,
      1,
      0,
      0,
      0,
      1,
      1,
      1,
      0,
      0,
      1,
      1,
      0,
      1,
      0,
      1,
      1,
      1,
      0,
      1,
      0,
      0,
      1,
      0
    ],
    "y_pred_prob": [
      0.8236956596374512,
      0.9375225305557251,
      0.5335304737091064,
      0.5210126638412476,
      0.4187123477458954,
      0.7712891697883606,
      0.6507798433303833,
      0.8150457143783569,
      0.1423296481370926,
      0.7328088283538818,
      0.7953316569328308,
      0.4919414222240448,
      0.8654312491416931,
      0.4078810214996338,
      0.2582201361656189,
      0.8930181264877319,
      0.7891814112663269,
      0.652181088924408,
      0.729291558265686,
      0.2352786809206009,
      0.7434519529342651,
      0.45571833848953247,
      0.8182876706123352,
      0.7743105888366699,
      0.4762745499610901,
      0.7613455653190613,
      0.9664708971977234,
      0.5002032518386841,
      0.9140956401824951,
      0.25602447986602783,
      0.6775161623954773,
      0.2686827778816223,
      0.9487118124961853,
      0.2122393697500229,
      0.8499884605407715,
      0.7708083391189575,
      0.596994936466217,
      0.7308436632156372,
      0.752870500087738,
      0.33471983671188354,
      0.6247776746749878,
      0.569936990737915,
      0.6676622629165649,
      0.4529426097869873,
      0.6315454244613647,
      0.3115813136100769,
      0.758700966835022,
      0.3175877034664154,
      0.9014598727226257,
      0.617377758026123,
      0.881261944770813,
      0.3123375475406647,
      0.6676995158195496,
      0.7678995728492737,
      0.7210321426391602,
      0.35532093048095703,
      0.14958135783672333,
      0.7645796537399292,
      0.18859733641147614,
      0.26066192984580994,
      0.628925621509552,
      0.7076207399368286,
      0.6436952948570251,
      0.797389030456543,
      0.9319511651992798,
      0.46149352192878723,
      0.48276931047439575,
      0.5261492133140564,
      0.2669774293899536,
      0.4157329201698303,
      0.293600857257843,
      0.8782240748405457,
      0.7283674478530884,
      0.655174732208252,
      0.3111487627029419,
      0.29524916410446167,
      0.5387571454048157,
      0.5664346218109131,
      0.35777828097343445,
      0.7555299997329712,
      0.4308406412601471,
      0.7487475872039795,
      0.6684305667877197,
      0.8956671953201294,
      0.4613548517227173,
      0.869909405708313,
      0.42452293634414673,
      0.40376973152160645,
      0.5110194087028503,
      0.18939143419265747
    ]
  },
  "CNN_Scratch": {
    "accuracy": 0.6111111111111112,
    "f1_score": 0.6216134728862471,
    "precision": 0.6497428239588517,
    "recall": 0.6111111111111112,
    "y_pred": [
      1,
      1,
      1,
      1,
      0,
      0,
      1,
      1,
      0,
      1,
      1,
      0,
      1,
      0,
      0,
      1,
      0,
      1,
      1,
      0,
      1,
      1,
      1,
      0,
      0,
      0,
      1,
      0,
      1,
      1,
      1,
      0,
      1,
      0,
      1,
      0,
      1,
      1,
      1,
      1,
      0,
      0,
      1,
      1,
      0,
      1,
      1,
      1,
      1,
      0,
      1,
      0,
      0,
      1,
      1,
      1,
      1,
      0,
      0,
      0,
      0,
      1,
      0,
      0,
      1,
      1,
      1,
      0,
      0,
      0,
      0,
      1,
      0,
      0,
      1,
      0,
      1,
      0,
      1,
      1,
      1,
      1,
      1,
      0,
      0,
      0,
      1,
      0,
      0,
      0
    ],
    "y_pred_prob": [
      0.6082721948623657,
      0.804620623588562,
      0.5924504995346069,
      0.5408679842948914,
      0.2979696989059448,
      0.3297065198421478,
      0.505621612071991,
      0.6759679317474365,
      0.36598965525627136,
      0.7043704986572266,
      0.634077250957489,
      0.47324636578559875,
      0.5757295489311218,
      0.41354772448539734,
      0.46903640031814575,
      0.5937035083770752,
      0.48825281858444214,
      0.6711001992225647,
      0.530492901802063,
      0.4417043924331665,
      0.5083746910095215,
      0.6214708089828491,
      0.5169909000396729,
      0.4829159080982208,
      0.4708460569381714,
      0.2387159764766693,
      0.6538110375404358,
      0.4737813174724579,
      0.6692277193069458,
      0.5458356142044067,
      0.5527763366699219,
      0.47806406021118164,
      0.8814555406570435,
      0.4894464313983917,
      0.6801273226737976,
      0.4896097183227539,
      0.5363868474960327,
      0.5074260234832764,
      0.6843447685241699,
      0.9153645634651184,
      0.39460596442222595,
      0.4948336184024811,
      0.5782018899917603,
      0.5689764022827148,
      0.4328455924987793,
      0.641201913356781,
      0.6658858060836792,
      0.6387432217597961,
      0.7635035514831543,
      0.24658411741256714,
      0.6870549917221069,
      0.2632913887500763,
      0.3673889636993408,
      0.8750247955322266,
      0.6118373870849609,
      0.5352181196212769,
      0.7839154005050659,
      0.44299250841140747,
      0.4456402063369751,
      0.2910177409648895,
      0.4585123658180237,
      0.8341401219367981,
      0.2750401496887207,
      0.4264158010482788,
      0.8372951745986938,
      0.5942311882972717,
      0.7545171976089478,
      0.4694253206253052,
      0.2564139664173126,
      0.4343422055244446,
      0.4439094066619873,
      0.638657808303833,
      0.3619929850101471,
      0.4626207649707794,
      0.7691868543624878,
      0.4056004285812378,
      0.6411656141281128,
      0.21294701099395752,
      0.6596802473068237,
      0.6272963285446167,
      0.6665365099906921,
      0.6106240749359131,
      0.7586563229560852,
      0.4331807792186737,
      0.20564495027065277,
      0.4768998324871063,
      0.6113516092300415,
      0.36897143721580505,
      0.44481053948402405,
      0.4291222095489502
    ]
  },
  "MobileNetV2_FineTuned": {
    "accuracy": 0.7111111111111111,
    "f1_score": 0.7166400850611377,
    "precision": 0.7283950617283951,
    "recall": 0.7111111111111111,
    "y_pred": [
      1,
      1,
      1,
      1,
      0,
      1,
      1,
      1,
      0,
      1,
      1,
      1,
      1,
      0,
      1,
      0,
      0,
      1,
      1,
      0,
      1,
      0,
      1,
      1,
      1,
      1,
      1,
      1,
      1,
      0,
      1,
      0,
      1,
      0,
      1,
      0,
      0,
      1,
      1,
      0,
      1,
      0,
      1,
      1,
      0,
      0,
      1,
      1,
      1,
      1,
      1,
      0,
      0,
      1,
      0,
      0,
      0,
      1,
      0,
      1,
      0,
      1,
      1,
      1,
      1,
      0,
      1,
      0,
      0,
      0,
      1,
      1,
      1,
      0,
      0,
      0,
      0,
      1,
      0,
      1,
      0,
      1,
      1,
      0,
      1,
      1,
      1,
      0,
      1,
      0
    ],