{
  "MobileNetV2": {
    "accuracy": [
      0.6570743322372437,
      0.6570743322372437,
      0.6762589812278748,
      0.678657054901123,
      0.6858513355255127,
      0.7505995035171509,
      0.714628279209137,
      0.7290167808532715,
      0.7769784331321716,
      0.7002398371696472,
      0.743405282497406
    ],
    "val_accuracy": [
      0.6629213690757751,
      0.6741573214530945,
      0.6853932738304138,
      0.7078651785850525,
      0.6966292262077332,
      0.7640449404716492,
      0.7303370833396912,
      0.7191011309623718,
      0.7640449404716492,
      0.7640449404716492,
      0.7640449404716492
    ],
    "loss": [
      0.7018868923187256,
      0.6050601005554199,
      0.5931758284568787,
      0.6057065725326538,
      0.557810366153717,
      0.5425307750701904,
      0.5673068761825562,
      0.5220333337783813,
      0.49305951595306396,
      0.5399198532104492,
      0.47139376401901245
    ],
    "val_loss": [
      0.5729377269744873,
      0.551979124546051,
      0.5549759864807129,
      0.5226566791534424,
      0.5117430090904236,
      0.5020125508308411,
      0.5059070587158203,
      0.4885724186897278,
      0.5160831809043884,
      0.4966951906681061,
      0.509342610836029
    ]
  },
  "CNN_Scratch": {
    "accuracy": [
      0.5491606593132019,
      0.6211031079292297,
      0.623501181602478,
      0.6043165326118469,
      0.6354916095733643,
      0.633093535900116,
      0.6474820375442505,
      0.6618704795837402,
      0.6762589812278748,
      0.6498801112174988,
      0.6522781848907471,
      0.6810551285743713,
      0.6546762585639954,
      0.6474820375442505,
      0.6930455565452576,
      0.6834532618522644,
      0.6978417038917542,
      0.6762589812278748,
      0.7074340581893921,
      0.6954436302185059,
      0.633093535900116,
      0.7098321318626404,
      0.7170263528823853,
      0.7050359845161438,
      0.6498801112174988,
      0.6906474828720093
    ],
    "val_accuracy": [
      0.5617977380752563,
      0.5617977380752563,
      0.47191011905670166,
      0.47191011905670166,
      0.5056179761886597,
      0.5955055952072144,
      0.5393258333206177,
      0.550561785697937,
      0.5393258333206177,
      0.6067415475845337,
      0.5955055952072144,
      0.5617977380752563,
      0.5730336904525757,
      0.5955055952072144,
      0.617977499961853,
      0.5955055952072144,
      0.617977499961853,
      0.6292135119438171,
      0.6404494643211365,
      0.5955055952072144,
      0.584269642829895,
      0.6067415475845337,
      0.5955055952072144,
      0.584269642829895,
      0.5617977380752563,
      0.584269642829895
    ],
    "loss": [
      0.7419030070304871,
      0.6892435550689697,
      0.6538012623786926,
      0.6838268637657166,
      0.6442528367042542,
      0.636891782283783,
      0.635856032371521,
      0.6419044733047485,
      0.6317790150642395,
      0.6353108882904053,
      0.6269713640213013,
      0.6287974715232849,
      0.6251747608184814,
      0.6351616978645325,
      0.6206709146499634,
      0.6290977597236633,
      0.5957785844802856,
      0.589870274066925,
      0.5930151343345642,
      0.6062101125717163,
      0.6050370931625366,
      0.6039988398551941,
      0.5735172033309937,
      0.5880889892578125,
      0.6043558716773987,
      0.5879009366035461
    ],
    "val_loss": [
      0.6899809241294861,
      0.6936867237091064,
      0.6920881867408752,
      0.693211555480957,
      0.6899505853652954,
      0.6855379343032837,
      0.6893161535263062,
      0.6877803206443787,
      0.6851879358291626,
      0.6728191375732422,
      0.668329119682312,
      0.6722766757011414,
      0.6724176406860352,
      0.6720889210700989,
      0.6636069416999817,
      0.6596536636352539,
      0.6529977917671204,
      0.6472019553184509,
      0.6451520323753357,
      0.6474314332008362,
      0.6404262185096741,
      0.6487276554107666,
      0.6511142253875732,
      0.6576963663101196,
      0.6559130549430847,
      0.6483154892921448
    ]
  },
  "MobileNetV2_FineTuned": {
    "accuracy": [
      0.5899280309677124,
      0.5659472346305847,
      0.633093535900116,
      0.6546762585639954,
      0.6306954622268677,
      0.6642686128616333,
      0.6978417038917542,
      0.7050359845161438,
      0.7290167808532715,
      0.7098321318626404,
      0.7290167808532715,
      0.7242206335067749,
      0.743405282497406
    ],
    "val_accuracy": [
      0.6292135119438171,
      0.6404494643211365,
      0.6516854166984558,
      0.6516854166984558,
      0.6741573214530945,
      0.7303370833396912,
      0.7078651785850525,
      0.7078651785850525,
      0.6741573214530945,
      0.6853932738304138,
      0.6404494643211365,
      0.6404494643211365,
      0.6404494643211365
    ],
    "loss": [
      0.7519264817237854,
      0.7179054021835327,
      0.6749268770217896,
      0.6522068977355957,
      0.6714759469032288,
      0.6172693371772766,
      0.5862084627151489,
      0.5694938898086548,
      0.5484874844551086,
      0.5704797506332397,
      0.5275450944900513,
      0.49778202176094055,
      0.4976617395877838
    ],
    "val_loss": [
      0.6780667901039124,
      0.6547530293464661,
      0.6358658075332642,
      0.6202581524848938,
      0.600919246673584,
      0.5808188319206238,
      0.5670403838157654,
      0.5639380216598511,
      0.5566527843475342,
      0.5645653605461121,
      0.5768980979919434,
      0.5669330358505249,
      0.5660980343818665
    ]
  }
}